Time_s,Setpoint_RPM,Target_Duty,Compensated_Duty,Rad_s
0.000,0.0,0.0000,0.0000,0.0000
0.020,0.0,0.0000,0.0000,0.0000
0.040,0.0,0.0000,0.0000,0.0000
0.060,0.0,0.0000,0.0000,0.0000
0.080,0.0,0.0000,0.0000,0.0000
0.100,0.0,0.0000,0.0000,0.0000
0.120,0.0,0.0000,0.0000,0.0000
0.140,0.0,0.0000,0.0000,0.0000
0.160,0.0,0.0000,0.0000,0.0000
0.180,0.0,0.0000,0.0000,0.0000
0.200,0.0,0.0000,0.0000,0.0000
0.220,0.0,0.0000,0.0000,0.0000
0.240,0.0,0.0000,0.0000,0.0000
0.260,0.0,0.0000,0.0000,0.0000
0.280,0.0,0.0000,0.0000,0.0000
0.300,0.0,0.0000,0.0000,0.0000
0.320,0.0,0.0000,0.0000,0.0000
0.340,0.0,0.0000,0.0000,0.0000
0.360,0.0,0.0000,0.0000,0.0000
0.380,0.0,0.0000,0.0000,0.0000
0.400,0.0,0.0000,0.0000,0.0000
0.420,0.0,0.0000,0.0000,0.0000
0.440,0.0,0.0000,0.0000,0.0000
0.460,0.0,0.0000,0.0000,0.0000
0.480,0.0,0.0000,0.0000,0.0000
0.500,1000.0,0.0400,0.2841,0.0000
0.520,1000.0,0.0800,0.3140,0.0000
0.540,1000.0,0.1200,0.3439,0.0000
0.560,1000.0,0.1600,0.3738,0.0000
0.580,1000.0,0.2000,0.4036,0.0000
0.600,1000.0,0.2365,0.4308,0.0000
0.620,1000.0,0.2491,0.4402,0.0000
0.640,1000.0,0.2618,0.4497,0.0000
0.660,1000.0,0.2744,0.4591,0.0000
0.680,1000.0,0.2871,0.4685,0.0000
0.700,1000.0,0.2997,0.4779,0.0000
0.720,1000.0,0.2861,0.4677,100.7858
0.740,1000.0,0.2624,0.4501,33.2038
0.760,1000.0,0.2711,0.4566,33.2038
0.780,1000.0,0.2797,0.4630,33.1743
0.800,1000.0,0.2884,0.4695,33.1792
0.820,1000.0,0.2970,0.4759,32.3529
0.840,1000.0,0.3229,0.4952,22.6947
0.860,1000.0,0.3328,0.5026,22.6947
0.880,1000.0,0.3487,0.5144,18.6251
0.900,1000.0,0.3638,0.5256,16.0883
0.920,1000.0,0.3492,0.5147,36.3444
0.940,1000.0,0.3479,0.5138,37.9470
0.960,1000.0,0.3522,0.5170,40.3469
0.980,1000.0,0.3566,0.5203,42.4336
1.000,1000.0,0.3609,0.5234,44.4267
1.020,1000.0,0.3531,0.5176,53.7291
1.040,1000.0,0.3530,0.5176,57.6122
1.060,1000.0,0.3474,0.5134,64.5986
1.080,1000.0,0.3470,0.5131,67.8662
1.100,1000.0,0.3414,0.5089,74.0531
1.120,1000.0,0.3350,0.5042,80.2573
1.140,1000.0,0.3290,0.4997,85.7714
1.160,1000.0,0.3237,0.4957,90.4837
1.180,1000.0,0.3182,0.4917,94.9236
1.200,1000.0,0.3136,0.4882,98.4856
1.220,1000.0,0.3146,0.4890,98.3130
1.240,1000.0,0.3161,0.4901,97.8949
1.260,1000.0,0.3180,0.4915,97.1952
1.280,1000.0,0.3198,0.4929,96.6614
1.300,1000.0,0.3213,0.4940,96.3191
1.320,1000.0,0.3228,0.4951,96.0511
1.340,1000.0,0.3246,0.4964,95.5807
1.360,1000.0,0.3266,0.4979,95.0342
1.380,1000.0,0.3285,0.4993,94.6035
1.400,1000.0,0.3299,0.5004,94.4740
1.420,1000.0,0.3312,0.5013,94.4244
1.440,1000.0,0.3319,0.5019,94.7733
1.460,1000.0,0.3329,0.5026,94.8835
1.480,1000.0,0.3340,0.5035,94.9136
1.500,1000.0,0.3349,0.5041,95.1349
1.520,1000.0,0.3356,0.5046,95.4282
1.540,1000.0,0.3362,0.5051,95.7029
1.560,1000.0,0.3369,0.5056,95.9792
1.580,1000.0,0.3373,0.5059,96.3398
1.600,1000.0,0.3380,0.5064,96.5470
1.620,1000.0,0.3386,0.5069,96.7761
1.640,1000.0,0.3388,0.5070,97.2690
1.660,1000.0,0.3396,0.5076,97.3111
1.680,1000.0,0.3408,0.5085,97.0901
1.700,1000.0,0.3412,0.5088,97.4167
1.720,1000.0,0.3419,0.5093,97.5756
1.740,1000.0,0.3423,0.5096,97.8202
1.760,1000.0,0.3427,0.5099,98.0981
1.780,1000.0,0.3434,0.5104,98.1840
1.800,1000.0,0.3439,0.5108,98.3669
1.820,1000.0,0.3444,0.5112,98.5072
1.840,1000.0,0.3448,0.5114,98.7565
1.860,1000.0,0.3453,0.5118,98.8980
1.880,1000.0,0.3459,0.5123,98.9416
1.900,1000.0,0.3460,0.5123,99.3138
1.920,1000.0,0.3463,0.5126,99.5120
1.940,1000.0,0.3472,0.5132,99.3798
1.960,1000.0,0.3473,0.5133,99.6888
1.980,1000.0,0.3475,0.5134,99.9664
2.000,1000.0,0.3481,0.5139,99.9330
2.020,1000.0,0.3484,0.5142,100.0778
2.040,1000.0,0.3487,0.5144,100.2343
2.060,1000.0,0.3494,0.5149,100.1672
2.080,1000.0,0.3495,0.5149,100.4586
2.100,1000.0,0.3498,0.5152,100.5712
2.120,1000.0,0.3507,0.5158,100.3351
2.140,1000.0,0.3508,0.5159,100.5712
2.160,1000.0,0.3509,0.5160,100.8084
2.180,1000.0,0.3509,0.5160,101.1036
2.200,1000.0,0.3512,0.5162,101.2176
2.220,1000.0,0.3516,0.5165,101.2405
2.240,1000.0,0.3518,0.5167,101.3548
2.260,1000.0,0.3525,0.5172,101.1834
2.280,1000.0,0.3526,0.5173,101.3548
2.300,1000.0,0.3527,0.5174,101.5382
2.320,1000.0,0.3532,0.5177,101.5267
2.340,1000.0,0.3534,0.5178,101.6302
2.360,1000.0,0.3532,0.5177,101.9650
2.380,1000.0,0.3537,0.5181,101.8609
2.400,1000.0,0.3539,0.5182,101.9766
2.420,1000.0,0.3542,0.5185,101.9766
2.440,1000.0,0.3546,0.5188,101.9303
2.460,1000.0,0.3546,0.5188,102.1274
2.480,1000.0,0.3549,0.5190,102.1274
2.500,1000.0,0.3551,0.5192,102.1972
2.520,1000.0,0.3549,0.5190,102.5358
2.540,1000.0,0.3550,0.5190,102.6647
2.560,1000.0,0.3556,0.5195,102.4304
2.580,1000.0,0.3558,0.5197,102.4421
2.600,1000.0,0.3561,0.5198,102.4655
2.620,1000.0,0.3568,0.5204,102.2088
2.640,1000.0,0.3566,0.5202,102.4889
2.660,1000.0,0.3566,0.5202,102.6882
2.680,1000.0,0.3571,0.5206,102.5358
2.700,1000.0,0.3572,0.5207,102.5943
2.720,1000.0,0.3574,0.5208,102.6530
2.740,1000.0,0.3576,0.5210,102.6647
2.760,1000.0,0.3576,0.5210,102.8176
2.780,1000.0,0.3577,0.5211,102.8766
2.800,1000.0,0.3581,0.5214,102.7941
2.820,1000.0,0.3581,0.5213,102.9473
2.840,1000.0,0.3578,0.5212,103.2315
2.860,1000.0,0.3580,0.5213,103.2196
2.880,1000.0,0.3582,0.5214,103.2434
2.900,1000.0,0.3582,0.5214,103.4934
2.920,1000.0,0.3582,0.5214,103.2196
2.940,1000.0,0.3586,0.5217,103.4218
2.960,1000.0,0.3584,0.5216,103.5292
2.980,1000.0,0.3586,0.5217,103.2315
3.000,1000.0,0.3590,0.5220,103.3980
3.020,1000.0,0.3590,0.5220,103.3980
3.040,1000.0,0.3590,0.5220,103.3742
3.060,1000.0,0.3593,0.5223,103.5053
3.080,1000.0,0.3594,0.5223,103.4456
3.100,1000.0,0.3596,0.5224,103.5411
3.120,1000.0,0.3594,0.5223,103.9127
3.140,1000.0,0.3592,0.5221,103.7685
3.160,1000.0,0.3592,0.5222,103.8406
3.180,1000.0,0.3596,0.5224,103.9608
3.200,1000.0,0.3595,0.5224,103.8046
3.220,1000.0,0.3596,0.5225,103.8886
3.240,1000.0,0.3596,0.5225,104.0573
3.260,1000.0,0.3596,0.5224,103.9608
3.280,1000.0,0.3597,0.5225,103.9488
3.300,1000.0,0.3601,0.5228,103.9608
3.320,1000.0,0.3601,0.5229,103.8646
3.340,1000.0,0.3601,0.5228,103.8766
3.360,1000.0,0.3602,0.5229,103.8646
3.380,1000.0,0.3601,0.5229,104.0211
3.400,1000.0,0.3601,0.5229,104.0693
3.420,1000.0,0.3603,0.5230,104.0935
3.440,1000.0,0.3603,0.5230,104.0331
3.460,1000.0,0.3604,0.5230,104.0814
3.480,1000.0,0.3606,0.5232,104.0090
3.500,1000.0,0.3607,0.5233,104.0452
3.520,1000.0,0.3607,0.5233,104.0331
3.540,1000.0,0.3610,0.5235,104.0211
3.560,1000.0,0.3609,0.5234,104.0935
3.580,1000.0,0.3607,0.5233,104.0814
3.600,1000.0,0.3612,0.5237,104.0693
3.620,1000.0,0.3611,0.5236,104.0090
3.640,1000.0,0.3609,0.5235,104.1055
3.660,1000.0,0.3613,0.5237,104.0814
3.680,1000.0,0.3613,0.5237,103.9608
3.700,1000.0,0.3613,0.5238,104.0452
3.720,1000.0,0.3616,0.5240,103.9970
3.740,1000.0,0.3616,0.5240,104.0452
3.760,1000.0,0.3614,0.5238,104.1539
3.780,1000.0,0.3615,0.5239,104.2022
3.800,1000.0,0.3614,0.5238,104.2991
3.820,1000.0,0.3615,0.5239,104.2627
3.840,1000.0,0.3621,0.5243,104.0814
3.860,1000.0,0.3616,0.5240,104.2748
3.880,1000.0,0.3614,0.5238,104.3597
3.900,1000.0,0.3616,0.5239,104.2506
3.920,1000.0,0.3615,0.5239,104.3597
3.940,1000.0,0.3616,0.5240,104.5177
3.960,1000.0,0.3618,0.5241,104.3718
3.980,1000.0,0.3617,0.5240,104.4083
4.000,1000.0,0.3616,0.5240,104.4326
4.020,1000.0,0.3621,0.5243,104.2870
4.040,1000.0,0.3615,0.5239,104.4690
4.060,1000.0,0.3615,0.5239,104.6151
4.080,1000.0,0.3619,0.5242,104.5177
4.100,1000.0,0.3612,0.5237,104.5542
4.120,1000.0,0.3616,0.5239,104.6030
4.140,1000.0,0.3619,0.5241,104.5908
4.160,1000.0,0.3611,0.5236,104.6517
4.180,1000.0,0.3616,0.5239,104.5786
4.200,1000.0,0.3619,0.5242,104.5177
4.220,1000.0,0.3614,0.5238,104.6030
4.240,1000.0,0.3616,0.5240,104.7128
4.260,1000.0,0.3618,0.5241,104.4690
4.280,1000.0,0.3614,0.5238,104.5055
4.300,1000.0,0.3618,0.5241,104.6639
4.320,1000.0,0.3620,0.5242,104.5299
4.340,1000.0,0.3615,0.5239,104.7494
4.360,1000.0,0.3615,0.5239,104.8351
4.380,1000.0,0.3618,0.5241,104.7128
4.400,1000.0,0.3615,0.5238,104.7372
4.420,1000.0,0.3612,0.5237,104.7494
4.440,1000.0,0.3617,0.5240,104.6761
4.460,1000.0,0.3616,0.5239,104.6517
4.480,1000.0,0.3615,0.5239,104.7861
4.500,1000.0,0.3615,0.5239,104.7494
4.520,1000.0,0.3613,0.5237,104.7006
4.540,1000.0,0.3615,0.5238,104.8473
4.560,1000.0,0.3614,0.5238,104.7494
4.580,1000.0,0.3611,0.5236,104.9822
4.600,1000.0,0.3612,0.5236,104.9822
4.620,1000.0,0.3614,0.5238,104.8228
4.640,1000.0,0.3613,0.5237,104.8596
4.660,1000.0,0.3612,0.5237,104.7984
4.680,1000.0,0.3613,0.5238,104.7372
4.700,1000.0,0.3613,0.5237,104.8841
4.720,1000.0,0.3613,0.5237,104.8718
4.740,1000.0,0.3613,0.5237,104.7984
4.760,1000.0,0.3611,0.5236,104.9331
4.780,1000.0,0.3611,0.5236,104.8351
4.800,1000.0,0.3615,0.5239,104.6639
4.820,1000.0,0.3614,0.5238,104.5908
4.840,1000.0,0.3612,0.5236,104.6761
4.860,1000.0,0.3615,0.5239,104.6639
4.880,1000.0,0.3614,0.5238,104.8351
4.900,1000.0,0.3612,0.5237,104.7861
4.920,1000.0,0.3615,0.5239,104.5420
4.940,1000.0,0.3613,0.5237,104.7494
4.960,1000.0,0.3612,0.5236,104.9945
4.980,1000.0,0.3613,0.5238,104.7494
5.000,1000.0,0.3611,0.5236,104.7128
5.020,1000.0,0.3613,0.5237,104.7494
5.040,1000.0,0.3616,0.5240,104.5908
5.060,1000.0,0.3612,0.5237,104.8841
5.080,1000.0,0.3610,0.5235,104.8718
5.100,1000.0,0.3612,0.5237,104.7006
5.120,1000.0,0.3614,0.5238,104.7617
5.140,1000.0,0.3613,0.5237,104.7984
5.160,1000.0,0.3616,0.5239,104.6761
5.180,1000.0,0.3611,0.5236,104.9086
5.200,1000.0,0.3611,0.5236,104.9331
5.220,1000.0,0.3613,0.5237,104.6761
5.240,1000.0,0.3613,0.5237,104.7494
5.260,1000.0,0.3612,0.5237,104.7861
5.280,1000.0,0.3615,0.5239,104.7861
5.300,1000.0,0.3609,0.5234,104.8963
5.320,1000.0,0.3610,0.5235,104.8963
5.340,1000.0,0.3612,0.5236,104.5055
5.360,1000.0,0.3612,0.5237,104.6761
5.380,1000.0,0.3610,0.5235,104.9454
5.400,1000.0,0.3610,0.5235,104.9086
5.420,1000.0,0.3610,0.5235,104.7984
5.440,1000.0,0.3610,0.5235,104.6884
5.460,1000.0,0.3613,0.5237,104.6761
5.480,1000.0,0.3612,0.5237,104.8106
