Time_s,Target_Duty,Compensated_Duty,Rad_s
0.000,0.0000,0.0000,0.0000
0.020,0.0000,0.0000,0.0000
0.040,0.0000,0.0000,0.0000
0.060,0.0000,0.0000,0.0000
0.080,0.0000,0.0000,0.0000
0.100,0.0000,0.0000,0.0000
0.120,0.0000,0.0000,0.0000
0.140,0.0000,0.0000,0.0000
0.160,0.0000,0.0000,0.0000
0.180,0.0000,0.0000,0.0000
0.200,0.0000,0.0000,0.0000
0.220,0.0000,0.0000,0.0000
0.240,0.0000,0.0000,0.0000
0.260,0.0000,0.0000,0.0000
0.280,0.0000,0.0000,0.0000
0.300,0.0000,0.0000,0.0000
0.320,0.0000,0.0000,0.0000
0.340,0.0000,0.0000,0.0000
0.360,0.0000,0.0000,0.0000
0.380,0.0000,0.0000,0.0000
0.400,0.0000,0.0000,0.0000
0.420,0.0000,0.0000,0.0000
0.440,0.0000,0.0000,0.0000
0.460,0.0000,0.0000,0.0000
0.480,0.0000,0.0000,0.0000
0.500,0.0000,0.0000,0.0000
0.520,0.6000,0.7008,0.0000
0.540,0.6000,0.7008,0.0000
0.560,0.6000,0.7008,0.0000
0.580,0.6000,0.7008,0.0000
0.600,0.6000,0.7008,0.0000
0.620,0.6000,0.7008,0.0000
0.640,0.6000,0.7008,0.0000
0.660,0.6000,0.7008,0.0000
0.680,0.6000,0.7008,0.0000
0.700,0.6000,0.7008,100.1783
0.720,0.6000,0.7008,33.1388
0.740,0.6000,0.7008,33.1388
0.760,0.6000,0.7008,28.9557
0.780,0.6000,0.7008,28.9557
0.800,0.6000,0.7008,27.4243
0.820,0.6000,0.7008,27.4243
0.840,0.6000,0.7008,19.4159
0.860,0.6000,0.7008,38.8638
0.880,0.6000,0.7008,38.8638
0.900,0.6000,0.7008,43.2765
0.920,0.6000,0.7008,58.9400
0.940,0.6000,0.7008,65.4369
0.960,0.6000,0.7008,67.9175
0.980,0.6000,0.7008,75.5681
1.000,0.6000,0.7008,84.5833
1.020,0.6000,0.7008,98.2592
1.040,0.6000,0.7008,106.5145
1.060,0.6000,0.7008,116.8443
1.080,0.6000,0.7008,126.9946
1.100,0.6000,0.7008,135.5683
1.120,0.6000,0.7008,144.3316
1.140,0.6000,0.7008,154.4919
1.160,0.6000,0.7008,162.5494
1.180,0.6000,0.7008,171.4937
1.200,0.6000,0.7008,180.2767
1.220,0.6000,0.7008,189.6467
1.240,0.6000,0.7008,197.4478
1.260,0.6000,0.7008,206.1548
1.280,0.6000,0.7008,212.3487
1.300,0.6000,0.7008,221.1377
1.320,0.6000,0.7008,227.6434
1.340,0.6000,0.7008,236.3344
1.360,0.6000,0.7008,242.9223
1.380,0.6000,0.7008,250.9359
1.400,0.6000,0.7008,255.7988
1.420,0.6000,0.7008,262.4555
1.440,0.6000,0.7008,269.5489
1.460,0.6000,0.7008,274.3270
1.480,0.6000,0.7008,279.4514
1.500,0.6000,0.7008,285.2234
1.520,0.6000,0.7008,289.9218
1.540,0.6000,0.7008,294.3909
1.560,0.6000,0.7008,300.9044
1.580,0.6000,0.7008,302.1198
1.600,0.6000,0.7008,305.8255
1.620,0.6000,0.7008,307.3965
1.640,0.6000,0.7008,309.1967
1.660,0.6000,0.7008,310.3727
1.680,0.6000,0.7008,311.1258
1.700,0.6000,0.7008,312.0994
1.720,0.6000,0.7008,312.3166
1.740,0.6000,0.7008,312.7519
1.760,0.6000,0.7008,314.3951
1.780,0.6000,0.7008,313.6261
1.800,0.6000,0.7008,313.8454
1.820,0.6000,0.7008,313.9552
1.840,0.6000,0.7008,313.9552
1.860,0.6000,0.7008,313.5166
1.880,0.6000,0.7008,314.9466
1.900,0.6000,0.7008,315.0572
1.920,0.6000,0.7008,315.1678
1.940,0.6000,0.7008,314.8362
1.960,0.6000,0.7008,315.1678
1.980,0.6000,0.7008,315.7221
2.000,0.6000,0.7008,315.2785
2.020,0.6000,0.7008,316.1669
2.040,0.6000,0.7008,316.0556
2.060,0.6000,0.7008,316.2783
2.080,0.6000,0.7008,316.5014
2.100,0.6000,0.7008,314.7258
2.120,0.6000,0.7008,315.0572
2.140,0.6000,0.7008,315.0572
2.160,0.6000,0.7008,315.5002
2.180,0.6000,0.7008,316.6130
2.200,0.6000,0.7008,316.5014
2.220,0.6000,0.7008,314.7258
2.240,0.6000,0.7008,316.2783
2.260,0.6000,0.7008,315.9444
2.280,0.6000,0.7008,315.6111
2.300,0.6000,0.7008,314.9466
2.320,0.6000,0.7008,316.8365
2.340,0.6000,0.7008,315.5002
2.360,0.6000,0.7008,314.8362
2.380,0.6000,0.7008,316.9484
2.400,0.6000,0.7008,315.7221
2.420,0.6000,0.7008,316.1669
2.440,0.6000,0.7008,316.6130
2.460,0.6000,0.7008,316.5014
2.480,0.6000,0.7008,316.5014
2.500,0.6000,0.7008,315.8332
2.520,0.6000,0.7008,316.5014
2.540,0.6000,0.7008,315.2785
2.560,0.6000,0.7008,315.7221
2.580,0.6000,0.7008,315.9444
2.600,0.6000,0.7008,316.2783
2.620,0.6000,0.7008,317.8463
2.640,0.6000,0.7008,316.3898
2.660,0.6000,0.7008,316.8365
2.680,0.6000,0.7008,317.8463
2.700,0.6000,0.7008,317.5090
2.720,0.6000,0.7008,316.1669
2.740,0.6000,0.7008,316.9484
2.760,0.6000,0.7008,317.7338
2.780,0.6000,0.7008,316.7247
2.800,0.6000,0.7008,317.5090
2.820,0.6000,0.7008,316.8365
2.840,0.6000,0.7008,316.2783
2.860,0.6000,0.7008,317.1724
2.880,0.6000,0.7008,317.1724
2.900,0.6000,0.7008,316.5014
2.920,0.6000,0.7008,316.5014
2.940,0.6000,0.7008,316.7247
2.960,0.6000,0.7008,318.2971
2.980,0.6000,0.7008,318.0715
3.000,0.6000,0.7008,316.2783
3.020,0.6000,0.7008,317.9589
3.040,0.6000,0.7008,318.0715
3.060,0.6000,0.7008,317.7338
3.080,0.6000,0.7008,317.7338
3.100,0.6000,0.7008,318.0715
3.120,0.6000,0.7008,316.6130
3.140,0.6000,0.7008,317.9589
3.160,0.6000,0.7008,316.8365
3.180,0.6000,0.7008,316.5014
3.200,0.6000,0.7008,317.8463
3.220,0.6000,0.7008,317.5090
3.240,0.6000,0.7008,318.5230
3.260,0.6000,0.7008,317.8463
3.280,0.6000,0.7008,317.7338
3.300,0.6000,0.7008,316.2783
3.320,0.6000,0.7008,316.2783
3.340,0.6000,0.7008,316.7247
3.360,0.6000,0.7008,317.6213
3.380,0.6000,0.7008,316.9484
3.400,0.6000,0.7008,317.5090
3.420,0.6000,0.7008,316.7247
3.440,0.6000,0.7008,318.1843
3.460,0.6000,0.7008,317.6213
3.480,0.6000,0.7008,316.8365
3.500,0.6000,0.7008,318.4101
3.520,0.6000,0.7008,316.2783
3.540,0.6000,0.7008,318.4101
3.560,0.6000,0.7008,316.8365
3.580,0.6000,0.7008,318.2971
3.600,0.6000,0.7008,317.8463
3.620,0.6000,0.7008,316.9484
3.640,0.6000,0.7008,317.1724
3.660,0.6000,0.7008,317.6213
3.680,0.6000,0.7008,318.4101
3.700,0.6000,0.7008,317.7338
3.720,0.6000,0.7008,317.0604
3.740,0.6000,0.7008,317.2845
3.760,0.6000,0.7008,318.6361
3.780,0.6000,0.7008,317.7338
3.800,0.6000,0.7008,317.9589
3.820,0.6000,0.7008,317.8463
3.840,0.6000,0.7008,316.3898
3.860,0.6000,0.7008,317.7338
3.880,0.6000,0.7008,317.8463
3.900,0.6000,0.7008,318.0715
3.920,0.6000,0.7008,316.5014
3.940,0.6000,0.7008,317.0604
3.960,0.6000,0.7008,317.8463
3.980,0.6000,0.7008,318.2971
4.000,0.6000,0.7008,316.5014
4.020,0.6000,0.7008,318.1843
4.040,0.6000,0.7008,317.8463
4.060,0.6000,0.7008,316.8365
4.080,0.6000,0.7008,317.2845
4.100,0.6000,0.7008,318.2971
4.120,0.6000,0.7008,317.8463
4.140,0.6000,0.7008,317.2845
4.160,0.6000,0.7008,317.8463
4.180,0.6000,0.7008,317.9589
4.200,0.6000,0.7008,317.6213
4.220,0.6000,0.7008,317.5090
4.240,0.6000,0.7008,317.8463
4.260,0.6000,0.7008,317.7338
4.280,0.6000,0.7008,318.4101
4.300,0.6000,0.7008,318.2971
4.320,0.6000,0.7008,316.8365
4.340,0.6000,0.7008,317.7338
4.360,0.6000,0.7008,317.5090
4.380,0.6000,0.7008,316.8365
4.400,0.6000,0.7008,317.7338
4.420,0.6000,0.7008,317.7338
4.440,0.6000,0.7008,316.5014
4.460,0.6000,0.7008,316.6130
4.480,0.6000,0.7008,318.1843
4.500,0.6000,0.7008,317.7338
4.520,0.6000,0.7008,317.6213
4.540,0.6000,0.7008,317.7338
4.560,0.6000,0.7008,317.7338
4.580,0.6000,0.7008,317.7338
4.600,0.6000,0.7008,318.4101
4.620,0.6000,0.7008,317.8463
4.640,0.6000,0.7008,317.2845
4.660,0.6000,0.7008,319.2027
4.680,0.6000,0.7008,317.9589
4.700,0.6000,0.7008,317.9589
4.720,0.6000,0.7008,318.1843
4.740,0.6000,0.7008,319.4299
4.760,0.6000,0.7008,317.9589
4.780,0.6000,0.7008,317.9589
4.800,0.6000,0.7008,318.1843
4.820,0.6000,0.7008,317.9589
4.840,0.6000,0.7008,317.7338
4.860,0.6000,0.7008,316.9484
4.880,0.6000,0.7008,316.7247
4.900,0.6000,0.7008,318.0715
4.920,0.6000,0.7008,317.9589
4.940,0.6000,0.7008,317.7338
4.960,0.6000,0.7008,318.5230
4.980,0.6000,0.7008,317.9589
5.000,0.6000,0.7008,317.9589
5.020,0.6000,0.7008,318.0715
5.040,0.6000,0.7008,317.9589
5.060,0.6000,0.7008,317.2845
5.080,0.6000,0.7008,317.2845
5.100,0.6000,0.7008,317.7338
5.120,0.6000,0.7008,318.1843
5.140,0.6000,0.7008,318.0715
5.160,0.6000,0.7008,317.8463
5.180,0.6000,0.7008,317.9589
5.200,0.6000,0.7008,318.0715
5.220,0.6000,0.7008,317.9589
5.240,0.6000,0.7008,318.1843
5.260,0.6000,0.7008,317.9589
5.280,0.6000,0.7008,318.4101
5.300,0.6000,0.7008,318.0715
5.320,0.6000,0.7008,318.2971
5.340,0.6000,0.7008,319.0892
5.360,0.6000,0.7008,318.1843
5.380,0.6000,0.7008,318.0715
5.400,0.6000,0.7008,318.7493
5.420,0.6000,0.7008,317.5090
5.440,0.6000,0.7008,318.8625
5.460,0.6000,0.7008,318.1843
5.480,0.6000,0.7008,318.4101
